INSERT INTO countries(id, name)
VALUES
(1, 'Korea'),
(2, 'Japan'),
(3, 'Taiwan'),
(4, 'China'),
(5, 'United States'),
(6, 'Thailand'),
(7, 'Philippines');

INSERT INTO members (id, first_name, last_name, first_name_jap, last_name_jap, first_name_kor, last_name_kor, first_name_ch, last_name_ch, date_of_birth, country_id)
VALUES
(1, 'Nayeon', 'Im', NULL, NULL, '나연', '임', NULL, NULL, '1995/09/22', 1),
(2, 'Jeongyeon', 'Yoo', NULL, NULL, '정연', '유', NULL, NULL, '1996/11/01', 1),
(3, 'Momo', 'Hirai', 'もも', '平井', '모모', NULL, NULL, NULL, '1996/11/09', 2),
(4, 'Sana', 'Minatozaki', '紗夏', '湊﨑', '사나', NULL, NULL, NULL, '1996/12/29', 2),
(5, 'Jihyo', 'Park', NULL, NULL, '지효', '박', NULL, NULL, '1997/02/01', 1),
(6, 'Mina', 'Myoi', '南', '名井', '미나', NULL, NULL, NULL,'1997/03/24', 2),
(7, 'Dahyun', 'Kim', NULL, NULL, '다현', '김', NULL, NULL, '1998/05/28', 1),
(8, 'Chaeyoung', 'Son', NULL, NULL, '채영', '손', NULL, NULL, '1999/04/23', 1),
(9, 'Tzuyu', 'Chou', NULL, NULL, '쯔위', NULL, '子瑜', '周', '1999/06/14', 3);

INSERT INTO groupings(id, name, type)
VALUES
(1, 'Twice', 'Main'),
(2, 'Misamo', 'Subunit'),
(3, 'Nayeon', 'Solo'),
(4, 'Jihyo', 'Solo'),
(5, 'Tzuyu', 'Solo');

INSERT INTO release_groups_types(id, type)
VALUES
(1, 'Full Album'),
(2, 'Mini Album'),
(3, 'Japanese Studio Album'),
(4, 'Japanese Maxi Single'),
(5, 'Non-album Singles'),
(6, 'Reissue'),
(7, 'Special Album'),
(8, 'Japanese Compilation Studio Album'),
(9, 'Japanese Compilation EP'),
(10, 'Remix Album');

INSERT INTO release_formats
VALUES
(1, 'Digital / Streaming'),
(2, 'Physical'),
(3, 'Result file');

INSERT INTO release_groups(id, name, grouping_id, type_id)
VALUES
(1, 'Twicetagram', 1, 1),
(2, 'Eyes Wide Open', 1, 1),
(3, 'Formula of Love: O+T=<3', 1, 1),
(4, 'BDZ', 1, 3),
(5, '&Twice', 1, 3),
(6, 'Perfect World', 1, 3),
(7, 'Celebrate', 1, 3),
(8, 'Dive', 1, 3),
(9, 'Merry & Happy', 1, 6),
(10, 'The Story Begins', 1, 2),
(11, 'Page Two', 1, 2),
(12, 'Twicecoaster: Lane 1', 1, 2),
(13, 'Signal', 1, 2),
(14, 'What is Love?', 1, 2),
(15, 'Yes or Yes', 1, 2),
(16, 'Fancy You', 1, 2),
(17, 'Feel Special', 1, 2),
(18, 'More & More', 1, 2),
(19, 'Taste of Love', 1, 2),
(20, 'Between 1&2', 1, 2),
(21, 'Ready to Be', 1, 2),
(22, 'With You-th', 1, 2),
(23, 'Strategy', 1, 2),
(24, 'Twicecoaster: Lane 2', 1, 6),
(25, 'Summer Nights', 1, 6),
(26, 'The Year of "Yes"', 1, 6),
(27, '#Twice', 1, 8),
(28, '#Twice2', 1, 8),
(29, '#Twice3', 1, 8),
(30, '#Twice4', 1, 8),
(31, 'What''s Twice?', 1, 9),
(32, 'The Remixes', 1, 10),
(33, 'Masterpiece', 2, 2),
(34, 'Haute Couture', 2, 2),
(35, 'Im Nayeon', 2, 3),
(36, 'Na', 2, 3),
(37, 'Zone', 2, 4),
(38, 'Aboutzu', 2, 5),
(39, 'One More Time', 1, 4),
(40, 'Candy Pop', 1, 4),
(41, 'Wake Me Up', 1, 4),
(42, 'Happy Happy', 1, 4),
(43, 'Breakthrough', 1, 4),
(44, 'Fanfare', 1, 4),
(45, 'Better', 1, 4),
(46, 'Kura Kura', 1, 4),
(47, 'Doughnut', 1, 4),
(48, 'Hare Hare', 1, 4);

INSERT INTO releases(id, title, release_year, format_id, country_id, release_group_id, annotation)
VALUES
(1, 'TWicetagram', 2017, NULL, 1, 1, NULL),
(2, 'Twicetagram', 2017, NULL, 6, 1, NULL),
(3, 'Eyes Wide Open', 2020, NULL, 1, 2, NULL),
(4, 'Formula of Love: O+T=<3', 2021, 1, 1, 3, NULL),
(5, 'Formula of Love: O+T=<3', 2021, 2, 1, 3, NULL),
(6, 'Formula of Love: O+T=<3', 2021, 3, 1, 3, NULL),
(7, 'BDZ', 2018, 1, 2, 4, NULL),
(8, 'BDZ', 2018, 2, 2, 4, NULL),
(9, '&Twice', 2019, 1, 2, 5, NULL),
(10, '&Twice', 2019, 2, 2, 5, NULL),
(11, 'Perfect World', 2021, NULL, 2, 6, NULL),
(12, 'Celebrate', 2022, NULL, 2, 7, NULL),
(13, 'Dive', 2024, NULL, 2, 8, NULL),
(14, 'Merry & Happy', 2017, NULL, 1, 9, NULL),
(15, 'The Story Begins', 2015, NULL, 1, 10, NULL),
(16, 'Page Two', 2016, 1, 1, 11, NULL),
(17, 'Page Two', 2016, 2, 1, 11, NULL),
(18, 'Twicecoaster: Lane 1', 2016, NULL, 1, 12, NULL),
(19, 'Signal', 2017, NULL, 1, 13, NULL),
(20, 'What is Love?', 2018, 1, 1, 14, NULL),
(21, 'What is Love?', 2018, 2, 1, 14, NULL),
(22, 'Yes or Yes', 2018, NULL, 1, 15, NULL),
(23, 'Fancy You', 2019, NULL, 1, 16, NULL),
(24, 'Feel Special', 2019, NULL, 1, 17, NULL),
(25, 'More & More', 2020, NULL, 1, 18, NULL),
(26, 'Taste of Love', 2021, 1, 1, 19, NULL),
(27, 'Taste of Love', 2021, 2, 1, 19, NULL),
(28, 'Between 1&2', 2022, NULL, 1, 20, NULL),
(29, 'Ready to Be', 2023, NULL, 1, 21, NULL),
(30, 'With You-th', 2024, NULL, 1, 22, NULL),
(31, 'Strategy', 2024, NULL, 1, 23, NULL),
(32, 'Twicecoaster: Lane 2', 2017, 1, 1, 24, NULL),
(33, 'Twicecoaster: Lane 2', 2017, 2, 1, 24, NULL),
(34, 'Summer Nights', 2018, NULL, 1, 25, NULL),
(35, 'The Year of "Yes"', 2018, NULL, 1, 26, NULL),
(36, '#Twice', 2017, NULL, 2, 27, NULL),
(37, '#Twice2', 2019, NULL, 2, 28, NULL),
(38, '#Twice3', 2020, NULL, 2, 29, NULL),
(39, '#Twice4', 2022, 1, 2, 30, NULL),
(40, '#Twice4', 2022, 2, 2, 30, NULL),
(41, 'What''s Twice?', 2017, NULL, 2, 31, NULL),
(42, 'The Remixes', 2023, NULL, 1, 32, NULL),
(43, 'Masterpiece', 2023, NULL, 2, 33, NULL),
(44, 'Haute Couture', 2024, 1, 2, 34, NULL),
(45, 'Haute Couture', 2024, 2, 2, 34, NULL),
(46, 'Haute Couture', 2024, 1, 2, 34, 'Mina version'),
(47, 'Haute Couture', 2024, 1, 2, 34, 'Momo version'),
(48, 'Haute Couture', 2024, 1, 2, 34, 'Sana version'),
(49, 'Im Nayeon', 2022, NULL, 1, 35, NULL),
(50, 'Na', 2024, NULL, 1, 36, NULL),
(51, 'Zone', 2023, NULL, 1, 37, NULL),
(52, 'Aboutzu', 2024, NULL, 1, 38, NULL),
(53, 'One More Time', 2017, NULL, 2, 39, NULL),
(54, 'Candy Pop', 2018, NULL, 2, 40, NULL),
(55, 'Wake Me Up', 2018, NULL, 2, 41, NULL),
(56, 'Happy Happy', 2019, NULL, 2, 42, NULL),
(57, 'Breakthrough', 2019, NULL, 2, 42, NULL),
(58, 'Fanfare', 2020, NULL, 2, 43, NULL),
(59, 'Better', 2020, NULL, 2, 44, NULL),
(60, 'Kura Kura', 2021, NULL, 2, 45, NULL),
(61, 'Doughnut', 2021, NULL, 2, 46, NULL),
(62, 'Hare Hare', 2023, NULL, 2, 47, NULL);

INSERT INTO tracks(id, title, title_kor, title_jap, featuring)
VALUES
(1, '1 to 10', NULL, NULL, NULL),
(2, '1, 3, 2', NULL, NULL, NULL),
(3, '21:29', NULL, NULL, NULL),
(4, '24/7', NULL, NULL, NULL),
(5, 'After Moon', NULL, NULL, NULL),
(6, 'Alcohol-Free', NULL, NULL, NULL),
(7, 'Baby Blue Love', NULL, NULL, NULL),
(8, 'Basics', NULL, NULL, NULL),
(9, 'Behind the Mask', NULL, NULL, NULL),
(10, 'Believer', NULL, NULL, NULL),
(11, 'The Best Thing I ever Did', '올해 제일 잘한 일', NULL, NULL),
(12, 'Blame It to Me', NULL, NULL, NULL),
(13, 'Bloom', NULL, NULL, NULL),
(14, 'Brave', NULL, NULL, NULL),
(15, 'Bring It Back', NULL, NULL, NULL),
(16, 'Cactus', '선인장', NULL, NULL),
(17, 'Candy Boy', NULL, NULL, NULL),
(18, 'Cheer Up', NULL, NULL, NULL),
(19, 'Chillax', NULL, NULL, NULL),
(20, 'Conversation', NULL, NULL, NULL),
(21, 'Crazy Stupid Love', NULL, NULL, NULL),
(22, 'Cruel', NULL, NULL, NULL),
(23, 'Cry for Me', NULL, NULL, NULL),
(24, 'Dance the Night Away', NULL, NULL, NULL),
(25, 'Deja Vu', NULL, NULL, NULL),
(26, 'Depend on You', NULL, NULL, NULL),
(27, 'Ding Dong', NULL, NULL, NULL),
(28, 'Do It Again', '다시 해줘', NULL, NULL),
(29, 'Do What We Like', NULL, NULL, NULL),
(30, 'Don''t Call Me Again', NULL, NULL, NULL),
(31, 'Don''t Give Up', '힘내!', NULL, NULL),
(32, 'Espresso', NULL, NULL, NULL),
(33, 'Eye Eye Eyes', NULL, NULL, NULL),
(34, 'F.I.L.A. (Fall in Love Again)', NULL, NULL, NULL),
(35, 'Fancy', NULL, NULL, NULL),
(36, 'Feel Special', NULL, NULL, NULL),
(37, 'FFW', NULL, NULL, NULL),
(38, 'Firework', NULL, NULL, NULL),
(39, 'First Time', NULL, NULL, NULL),
(40, 'Get Loud', NULL, NULL, NULL),
(41, 'Girls Like Us', NULL, NULL, NULL),
(42, 'Go Hard', NULL, NULL, NULL),
(43, 'Going Crazy', '미쳤나봐', NULL, NULL),
(44, 'Gone', NULL, NULL, NULL),
(45, 'Got the Thrills', NULL, NULL, NULL),
(46, 'Handle It', NULL, NULL, NULL),
(47, 'Heart Shaker', NULL, NULL, NULL),
(48, 'Hell in Heaven', NULL, NULL, NULL),
(49, 'Hello', NULL, NULL, NULL),
(50, 'Ho!', NULL, NULL, NULL),
(51, 'Hold Me Tight', NULL, NULL, NULL),
(52, 'Hot', NULL, NULL, NULL),
(53, 'I Can''t Stop Me', NULL, NULL, NULL),
(54, 'I Love You More Than Anyone', NULL, NULL, NULL),
(55, 'I''ll Show You', NULL, NULL, NULL),
(56, 'I''m Gonna Be a Star', NULL, NULL, NULL),
(57, 'Ice Cream', '녹아요', NULL, NULL),
(58, 'Jaljayou Good Night', '잘자요 굿나잇)', NULL, NULL),
(59, 'Jelly Jelly', NULL, NULL, NULL),
(60, 'Knock Knock', NULL, NULL, NULL),
(61, 'LaLaLa', NULL, NULL, NULL),
(62, 'Last Waltz', NULL, NULL, NULL),
(63, 'Like a Fool', NULL, NULL, NULL),
(64, 'Like Ooh-Ahh', 'OOH-AHH하게', NULL, NULL),
(65, 'Likey', NULL, NULL, NULL),
(66, 'Look at Me', '날 바라바라봐', NULL, NULL),
(67, 'Love Foolish', NULL, NULL, NULL),
(68, 'Love Line', NULL, NULL, NULL),
(69, 'Make Me Go', NULL, NULL, NULL),
(70, 'Merry & Happy', NULL, NULL, NULL),
(71, 'Missing U', NULL, NULL, NULL),
(72, 'More & More', NULL, NULL, NULL),
(73, 'My Headphones On', 'Headphone 써', NULL, NULL),
(74, 'New New', NULL, NULL, NULL),
(75, 'Next Page', NULL, NULL, NULL),
(76, 'One in a Million', NULL, NULL, NULL),
(77, 'One Spark', NULL, NULL, NULL),
(78, 'Only You', 'Only 너', NULL, NULL),
(79, 'Oxygen', NULL, NULL, NULL),
(80, 'Pit-A-Pat', NULL, NULL, NULL),
(81, 'Ponytail', NULL, NULL, NULL),
(82, 'Precious Love', '소중한 사랑', NULL, NULL),
(83, 'Push & Pull', NULL, NULL, NULL),
(84, 'Queen', NULL, NULL, NULL),
(85, 'Rainbow', NULL, NULL, NULL),
(86, 'Real You', NULL, NULL, NULL),
(87, 'Rewind', '알고 싶지 않아', NULL, NULL),
(88, 'Rollin''', NULL, NULL, NULL),
(89, 'Rush', NULL, NULL, NULL),
(90, 'Say Something', NULL, NULL, NULL),
(91, 'Say Yes', NULL, NULL, NULL),
(92, 'Say You Love Me', NULL, NULL, NULL),
(93, 'Scandal', NULL, NULL, NULL),
(94, 'Scientist', NULL, NULL, NULL),
(95, 'Set Me Free', NULL, NULL, NULL),
(96, 'Shadow', NULL, NULL, NULL),
(97, 'Shot Clock', NULL, NULL, NULL),
(98, 'Shot Thru The Heart', NULL, NULL, NULL),
(99, 'Someone Like Me', NULL, NULL, NULL),
(100, 'SOS', NULL, NULL, NULL),
(101, 'Strawberry', NULL, NULL, NULL),
(102, 'Stuck', NULL, NULL, NULL),
(103, 'Stuck in My Head', NULL, NULL, NULL),
(104, 'Sunset', NULL, NULL, NULL),
(105, 'Sweet Summer Day', NULL, NULL, NULL),
(106, 'Sweet Talker', NULL, NULL, NULL),
(107, 'Sweetest Obsession', NULL, NULL, NULL),
(108, 'Talk That Talk', NULL, NULL, NULL),
(109, 'Three Times a Day', '하루에 세번', NULL, NULL),
(110, 'Touchdown', NULL, NULL, NULL),
(111, 'Trick It', NULL, NULL, NULL),
(112, 'Trouble', NULL, NULL, NULL),
(113, 'Truth', NULL, NULL, NULL),
(114, 'TT', NULL, NULL, NULL),
(115, 'Tuk Tok', '툭하면 톡', NULL, NULL),
(116, 'Turn It Up', NULL, NULL, NULL),
(117, 'Turtle', '거북이', NULL, NULL),
(118, 'Up No More', NULL, NULL, NULL),
(119, 'Wallflower', NULL, NULL, NULL),
(120, 'What Is Love?', NULL, NULL, NULL),
(121, 'When We Were Kids', NULL, NULL, NULL),
(122, 'Woohoo', NULL, NULL, NULL),
(123, 'Wow', NULL, NULL, NULL),
(124, 'Yes or Yes', NULL, NULL, NULL),
(125, 'You Get Me', NULL, NULL, NULL),
(126, 'You in My Heart', '널 내게 담아', NULL, NULL),
(127, 'Young & Wild', NULL, NULL, NULL),
(128, 'BDZ', NULL, NULL, NULL),
(129, 'Be as One', NULL, NULL, NULL),
(130, 'Be OK', NULL, NULL, NULL),
(131, 'Better', NULL, NULL, NULL),
(132, 'Beyond the Horizon', NULL, NULL, NULL),
(133, 'Bitter Sweet', NULL, NULL, NULL),
(134, 'Brand New Girl', NULL, NULL, NULL),
(135, 'Breakthrough', NULL, NULL, NULL),
(136, 'Candy Pop', NULL, NULL, NULL),
(137, 'Catch a Wave', NULL, NULL, NULL),
(138, 'Celebrate', NULL, NULL, NULL),
(139, 'Changing!', NULL, NULL, NULL),
(140, 'Dance Again', NULL, NULL, NULL),
(141, 'Dive', NULL, NULL, NULL),
(142, 'Doughnut', NULL, NULL, NULL),
(143, 'Echoes of Heart', NULL, NULL, NULL),
(144, 'Fake & True', NULL, NULL, NULL),
(145, 'Fanfare', NULL, NULL, NULL),
(146, 'Flow Like Waves', NULL, NULL, NULL),
(147, 'Four-leaf Clover', NULL, NULL, NULL),
(148, 'Good at Love', NULL, NULL, NULL),
(149, 'Happy Happy', NULL, NULL, NULL),
(150, 'Hare Hare', NULL, NULL, NULL),
(151, 'Here I Am', NULL, NULL, NULL),
(152, 'How U Doin', NULL, NULL, NULL),
(153, 'In the Summer', NULL, NULL, NULL),
(154, 'Inside of Me', NULL, NULL, NULL),
(155, 'Just Be Yourself', NULL, NULL, NULL),
(156, 'Kura Kura', NULL, NULL, NULL),
(157, 'L.O.V.E.', NULL, NULL, NULL),
(158, 'Love Warning', NULL, NULL, NULL),
(159, 'Luv Me', NULL, NULL, NULL),
(160, 'Ocean Deep', NULL, NULL, NULL),
(161, 'One More Time', NULL, NULL, NULL),
(162, 'Peach Soda', NULL, NULL, NULL),
(163, 'Perfect World', NULL, NULL, NULL),
(164, 'Pieces of Love', NULL, NULL, NULL),
(165, 'Pink Lemonade', NULL, NULL, NULL),
(166, 'Polish', NULL, NULL, NULL),
(167, 'Promise', NULL, NULL, NULL),
(168, 'The Reason Why', NULL, NULL, NULL),
(169, 'Sandcastle', NULL, NULL, NULL),
(170, 'Say It Again', NULL, NULL, NULL),
(171, 'Scorpion', NULL, NULL, NULL),
(172, 'Stay by My Side', NULL, NULL, NULL),
(173, 'Strawberry Moon', NULL, NULL, NULL),
(174, 'Stronger', NULL, NULL, NULL),
(175, 'Swing', NULL, NULL, NULL),
(176, 'Thank You, Family', NULL, NULL, NULL),
(177, 'That''s All I''m Saying', NULL, NULL, NULL),
(178, 'Tick Tock', NULL, NULL, NULL),
(179, 'Voices of Delight', NULL, NULL, NULL),
(180, 'Wake Me Up', NULL, NULL, NULL),
(181, 'Wishing', NULL, NULL, NULL),
(182, 'Wonderful Day', NULL, NULL, NULL),
(183, 'Candy', NULL, NULL, NULL),
(184, 'The Feels', NULL, NULL, NULL),
(185, 'I Got You', NULL, NULL, NULL),
(186, 'I Want You Back', NULL, NULL, NULL),
(187, 'Icon', NULL, NULL, NULL),
(188, 'Mamushi (remix)', NULL, NULL, NULL),
(189, 'Moonlight', NULL, NULL, NULL),
(190, 'Moonlight Sunrise', NULL, NULL, NULL),
(191, 'Queen of Hearts', NULL, NULL, NULL),
(192, 'What You Waiting For', NULL, NULL, NULL),
(193, 'Cry for Me (English Version)', NULL, NULL, NULL),
(194, 'The Feels (Korean Version)', NULL, NULL, NULL),
(195, 'The Feels(R3hab remix)', NULL, NULL, NULL),
(196, 'Happy Happy (collapsedone Remix)', NULL, NULL, NULL),
(197, 'Signal', NULL, NULL, NULL),
(198, 'Breakthrough (Korean version)', NULL, NULL, NULL),
(199, 'Set Me Free (English version)', NULL, NULL, NULL),
(200, 'TT (Tak Remix)', NULL, NULL, NULL),
(201, 'Like ooh-Ahh (inst.)', NULL, NULL, NULL),
(202, 'Cheer Up (Inst.)', NULL, NULL, NULL),
(203, 'TT (inst.)', NULL, NULL, NULL),
(204, 'BDZ (Korean version)', NULL, NULL, NULL),
(205, 'Be as One (Korean version)', NULL, NULL, NULL),
(206, 'Like Ooh-Ahh (Japanese version)', NULL, NULL, NULL),
(207, 'Cheer Up (Japanese version)', NULL, NULL, NULL),
(208, 'TT (Japanese version)', NULL, NULL, NULL),
(209, 'Knock Knock (Japanese version)', NULL, NULL, NULL),
(210, 'Signal (Japanese version)', NULL, NULL, NULL),
(211, 'Likey (Japanese version)', NULL, NULL, NULL),
(212, 'Heart Shaker (Japanese version)', NULL, NULL, NULL),
(213, 'What is Love? (Japanese version)', NULL, NULL, NULL),
(214, 'Dance the Night Away (Japanese version)', NULL, NULL, NULL),
(215, 'Yes or Yes (Japanese version)', NULL, NULL, NULL),
(216, 'The Best Thing I Ever Did (Japanese version)', NULL, NULL, NULL),
(217, 'Fancy (Japanese version)', NULL, NULL, NULL),
(218, 'Feel Special (Japanese version)', NULL, NULL, NULL),
(219, 'More & More (Japanese version)', NULL, NULL, NULL),
(220, 'Stuck In My Head (Japanese version)', NULL, NULL, NULL),
(221, '21:29 (Japanese version)', NULL, NULL, NULL),
(222, 'I Can''t Stop Me (Japanese version)', NULL, NULL, NULL),
(223, 'Cry for Me (Japanese version)', NULL, NULL, NULL),
(224, 'Alcohol-Free (Japanese version)', NULL, NULL, NULL),
(225, 'Scientist (Japanese version)', NULL, NULL, NULL),
(226, 'Moonlight Sunrise (Jonas Blue remix)', NULL, NULL, NULL),
(227, 'The Feels (Ian Asher remix)', NULL, NULL, NULL),
(228, 'Set Me Free (Carneyval remix)', NULL, NULL, NULL),
(229, 'Alcohol-Free (English version)', NULL, NULL, NULL),
(230, 'Cry for Me (English version)', NULL, NULL, NULL),
(231, 'I Can''t Stop Me (English version)', NULL, NULL, NULL),
(232, 'More & More (Lee Hae Sol sped-up remix)', NULL, NULL, NULL),
(233, 'Do Not Touch', NULL, NULL, NULL),
(234, 'Behind the Curtain', NULL, NULL, NULL),
(235, 'Marshmallow', NULL, NULL, NULL),
(236, 'Funny Valentine', NULL, NULL, NULL),
(237, 'I''ts Not Easy for You', NULL, NULL, NULL),
(238, 'Rewind You', NULL, NULL, NULL),
(239, 'Bouquet', NULL, NULL, NULL),
(240, 'Identity', NULL, NULL, NULL),
(241, 'Runway', NULL, NULL, NULL),
(242, 'Wah Wah Wah', NULL, NULL, NULL),
(243, 'Baby, I''m Good', NULL, NULL, NULL),
(244, 'Daydream', NULL, NULL, NULL),
(245, 'New Look', NULL, NULL, NULL),
(246, 'Jealousy', NULL, NULL, NULL),
(247, 'Misty', NULL, NULL, NULL),
(248, 'Money in My Pocket', NULL, NULL, NULL),
(249, 'Mirage', NULL, NULL, NULL),
(250, 'Pop!', NULL, NULL, NULL),
(251, 'No Problem', NULL, NULL, 'Felix of Stray Kids'),
(252, 'Love Countdown', NULL, NULL, 'Wonstein'),
(253, 'Candyfloss', NULL, NULL, NULL),
(254, 'All or Nothing', NULL, NULL, NULL),
(255, 'Happy Birth to You', NULL, NULL, NULL),
(256, 'Sunset', '노을만 예쁘다', NULL, NULL),
(257, 'ABCD', NULL, NULL, NULL),
(258, 'Butterflies', NULL, NULL, NULL),
(259, 'Heaven', NULL, NULL, 'Sam Kim'),
(260, 'Magic', NULL, NULL, 'Julie of Kiss of Life'),
(261, 'HalliGalli', NULL, NULL, NULL),
(262, 'Something', NULL, NULL, NULL),
(263, 'Count it', NULL, NULL, NULL),
(264, 'Killin'' Me Good', NULL, NULL, NULL),
(265, 'Takin'' About It', NULL, NULL, '24kGoldn'),
(266, 'Closer', NULL, NULL, NULL),
(267, 'Wishing on You', NULL, NULL, NULL),
(268, 'Don''t Wanna Go Back', NULL, NULL, 'Heize'),
(269, 'Room', NULL, NULL, NULL),
(270, 'Nightmare', NULL, NULL, NULL),
(271, 'Run Away', NULL, NULL, NULL),
(272, 'Heartbreak in Heaven', NULL, NULL, 'Peniel of BtoB'),
(273, 'Lazy Baby', NULL, NULL, 'pH-1'),
(274, 'Losing Sleep', NULL, NULL, NULL),
(275, 'One Love', NULL, NULL, NULL),
(276, 'Fly', NULL, NULL, NULL),
(277, 'One More Time (Instrumental)', NULL, NULL, NULL),
(278, 'Luv Me (Instrumental)', NULL, NULL, NULL),
(279, 'Candy Pop (Instrumental)', NULL, NULL, NULL),
(280, 'Brand New Girl (Instrumental)', NULL, NULL, NULL),
(281, 'Wake Me Up (Instrumental)', NULL, NULL, NULL),
(282, 'Pink Lemonade (Instrumental)', NULL, NULL, NULL),
(283, 'Happy Happy (collapsedone Remix)', NULL, NULL, NULL),
(284, 'Happy Happy (instrumental)', NULL, NULL, NULL),
(285, 'Breakthrough (taalthechoi Remix)', NULL, NULL, NULL),
(286, 'Breakthrough (Instrumental)', NULL, NULL, NULL),
(287, 'Fanfare (Lee Hae-sol remix)', NULL, NULL, NULL),
(288, 'Fanfare (Instrumental)', NULL, NULL, NULL),
(289, 'Better (Instrumental)', NULL, NULL, NULL),
(290, 'Scorpion (Instrumental)', NULL, NULL, NULL),
(291, 'Kura Kura (Instrumental)', NULL, NULL, NULL),
(292, 'Strawberry Moon (Instrumental)', NULL, NULL, NULL),
(293, 'Doughnut (Instrumental)', NULL, NULL, NULL),
(294, 'Wonderful Day (Instrumental)', NULL, NULL, NULL),
(295, 'Hare Hare (Instrumental)', NULL, NULL, NULL),
(296, 'Catch a Wave (Instrumental)', NULL, NULL, NULL);

INSERT INTO releases_tracks(release_id, track_id, track_num)
VALUES
(1, 65, 1),
(1, 117, 2),
(1, 71, 3),
(1, 123, 4),
(1, 37, 5),
(1, 27, 6),
(1, 4, 7),
(1, 66, 8),
(1, 88, 9),
(1, 68, 10),
(1, 31, 11),
(1, 126, 12),
(1, 58, 13),
(2, 47, 1),
(2, 70, 2),
(2, 65, 3),
(2, 117, 4),
(2, 71, 5),
(2, 123, 6),
(2, 37, 7),
(2, 27, 8),
(2, 4, 9),
(2, 66, 10),
(2, 88, 11),
(2, 68, 12),
(2, 31, 13),
(2, 126, 14),
(2, 58, 15),
(3, 53, 1),
(3, 48, 2),
(3, 118, 3),
(3, 29, 4),
(3, 15, 5),
(3, 10, 6),
(3, 84, 7),
(3, 42, 8),
(3, 97, 9),
(3, 46, 10),
(3, 26, 11),
(3, 90, 12),
(3, 9, 13),
(4, 94, 1),
(4, 189, 2),
(4, 187, 3),
(4, 22, 4),
(4, 86, 5),
(4, 34, 6),
(4, 62, 7),
(4, 32, 8),
(4, 87, 9),
(4, 16, 10),
(4, 83, 11),
(4, 49, 12),
(4, 2, 13),
(4, 183, 14),
(4, 194, 15),
(5, 94, 1),
(5, 189, 2),
(5, 187, 3),
(5, 22, 4),
(5, 86, 5),
(5, 34, 6),
(5, 62, 7),
(5, 32, 8),
(5, 87, 9),
(5, 16, 10),
(5, 83, 11),
(5, 49, 12),
(5, 2, 13),
(5, 183, 14),
(5, 184, 15),
(5, 195, 16),
(6, 94, 1),
(6, 189, 2),
(6, 187, 3),
(6, 22, 4),
(6, 86, 5),
(6, 34, 6),
(6, 62, 7),
(6, 32, 8),
(6, 87, 9),
(6, 16, 10),
(6, 83, 11),
(6, 49, 12),
(6, 2, 13),
(6, 183, 14),
(6, 194, 15),
(6, 184, 16),
(7, 128, 1),
(7, 161, 2),
(7, 136, 3),
(7, 157, 4),
(7, 181, 5),
(7, 170, 6),
(7, 180, 7),
(7, 134, 8),
(7, 129, 9),
(7, 186, 10),
(7, 159, 11),
(7, 165, 12),
(8, 128, 1),
(8, 161, 2),
(8, 136, 3),
(8, 157, 4),
(8, 181, 5),
(8, 170, 6),
(8, 180, 7),
(8, 134, 8),
(8, 129, 9),
(8, 186, 10),
(9, 144, 1),
(9, 174, 2),
(9, 135, 3),
(9, 139, 4),
(9, 149, 5),
(9, 192, 6),
(9, 130, 7),
(9, 166, 8),
(9, 152, 9),
(9, 168, 10),
(9, 196, 11),
(10, 144, 1),
(10, 174, 2),
(10, 135, 3),
(10, 139, 4),
(10, 149, 5),
(10, 192, 6),
(10, 130, 7),
(10, 166, 8),
(10, 152, 9),
(10, 168, 10),
(11, 163, 1),
(11, 131, 2),
(11, 148, 3),
(11, 145, 4),
(11, 156, 5),
(11, 147, 6),
(11, 153, 7),
(11, 164, 8),
(11, 176, 9),
(11, 167, 10),
(12, 138, 1),
(12, 179, 2),
(12, 178, 3),
(12, 146, 4),
(12, 177, 5),
(12, 133, 6),
(12, 169, 7),
(12, 155, 8),
(12, 142, 9),
(13, 132, 1),
(13, 141, 2),
(13, 160, 3),
(13, 158, 4),
(13, 151, 5),
(13, 154, 6),
(13, 162, 7),
(13, 143, 8),
(13, 140, 9),
(13, 150, 10),
(14, 47, 1),
(14, 70, 2),
(14, 65, 3),
(14, 117, 4),
(14, 71, 5),
(14, 123, 6),
(14, 37, 7),
(14, 27, 8),
(14, 4, 9),
(14, 66, 10),
(14, 88, 11),
(14, 68, 12),
(14, 31, 13),
(14, 126, 14),
(14, 58, 15),
(15, 64, 1),
(15, 28, 2),
(15, 43, 3),
(15, 113, 4),
(15, 17, 5),
(15, 63, 6),
(16, 18, 1),
(16, 82, 2),
(16, 110, 3),
(16, 115, 4),
(16, 122, 5),
(16, 73, 6),
(16, 56, 7),
(17, 18, 1),
(17, 82, 2),
(17, 110, 3),
(17, 115, 4),
(17, 122, 5),
(17, 73, 6),
(18, 114, 1),
(18, 1, 2),
(18, 81, 3),
(18, 59, 4),
(18, 80, 5),
(18, 75, 6),
(18, 76, 7),
(19, 197, 1),
(19, 109, 2),
(19, 78, 3),
(19, 51, 4),
(19, 33, 5),
(19, 99, 6),
(20, 120, 1),
(20, 106, 2),
(20, 50, 3),
(20, 25, 4),
(20, 91, 5),
(20, 102, 6),
(21, 120, 1),
(21, 106, 2),
(21, 50, 3),
(21, 25, 4),
(21, 91, 5),
(22, 124, 1),
(22, 92, 2),
(22, 61, 3),
(22, 127, 4),
(22, 104, 5),
(22, 5, 6),
(22, 204, 7),
(23, 35, 1),
(23, 103, 2),
(23, 41, 3),
(23, 52, 4),
(23, 116, 5),
(23, 101, 6),
(24, 36, 1),
(24, 85, 2),
(24, 40, 3),
(24, 111, 4),
(24, 67, 5),
(24, 3, 6),
(24, 198, 7),
(25, 72, 1),
(25, 79, 2),
(25, 38, 3),
(25, 69, 4),
(25, 96, 5),
(25, 30, 6),
(25, 105, 7),
(26, 6, 1),
(26, 2, 2),
(26, 93, 3),
(26, 20, 4),
(26, 7, 5),
(26, 100, 6),
(26, 193, 7),
(27, 6, 1),
(27, 2, 2),
(27, 93, 3),
(27, 20, 4),
(27, 7, 5),
(27, 100, 6),
(28, 108, 1),
(28, 191, 2),
(28, 8, 3),
(28, 112, 4),
(28, 14, 5),
(28, 44, 6),
(28, 121, 7),
(29, 95, 1),
(29, 190, 2),
(29, 45, 3),
(29, 12, 4),
(29, 119, 5),
(29, 21, 6),
(29, 199, 7),
(30, 185, 1),
(30, 77, 2),
(30, 89, 3),
(30, 74, 4),
(30, 13, 5),
(30, 125, 6),
(32, 60, 1),
(32, 57, 2),
(32, 114, 3),
(32, 1, 4),
(32, 81, 5),
(32, 59, 6),
(32, 80, 7),
(32, 75, 8),
(32, 76, 9),
(32, 200, 10),
(32, 201, 11),
(32, 202, 12),
(32, 203, 13),
(33, 60, 1),
(33, 57, 2),
(33, 114, 3),
(33, 1, 4),
(33, 81, 5),
(33, 59, 6),
(33, 80, 7),
(33, 75, 8),
(33, 76, 9),
(34, 24, 1),
(34, 19, 2),
(34, 98, 3),
(34, 120, 4),
(34, 106, 5),
(34, 50, 6),
(34, 25, 7),
(34, 91, 8),
(34, 102, 9),
(35, 11, 1),
(35, 205, 2),
(35, 124, 3),
(35, 92, 4),
(35, 61, 5),
(35, 127, 6),
(35, 104, 7),
(35, 5, 8),
(35, 204, 9),
(36, 206, 1),
(36, 207, 2),
(36, 208, 3),
(36, 209, 4),
(36, 210, 5),
(36, 64, 6),
(36, 18, 7),
(36, 114, 8),
(36, 60, 9),
(36, 197, 10),
(37, 211, 1),
(37, 212, 2),
(37, 213, 3),
(37, 214, 4),
(37, 215, 5),
(37, 65, 6),
(37, 47, 7),
(37, 120, 8),
(37, 24, 9),
(37, 124, 10),
(38, 216, 1),
(38, 217, 2),
(38, 218, 3),
(38, 219, 4),
(38, 220, 5),
(38, 221, 6),
(38, 11, 7),
(38, 35, 8),
(38, 36, 9),
(38, 72, 10),
(38, 103, 11),
(38, 3, 12),
(39, 222, 1),
(39, 223, 2),
(39, 224, 3),
(39, 225, 4),
(39, 53, 5),
(39, 23, 6),
(39, 6, 7),
(39, 94, 8),
(40, 222, 1),
(40, 223, 2),
(40, 224, 3),
(40, 225, 4),
(41, 64, 1),
(41, 18, 2),
(41, 110, 3),
(41, 114, 4),
(42, 226, 1),
(42, 227, 2),
(42, 228, 3),
(42, 229, 4),
(42, 230, 5),
(42, 231, 6),
(42, 232, 7),
(43, 233, 1),
(43, 234, 2),
(43, 235, 3),
(43, 236, 4),
(43, 237, 5),
(43, 238, 6),
(43, 239, 7),
(44, 240, 1),
(44, 241, 2),
(44, 242, 3),
(44, 243, 4),
(44, 244, 5),
(44, 245, 6),
(44, 246, 7),
(45, 240, 1),
(45, 241, 2),
(45, 242, 3),
(45, 243, 4),
(45, 244, 5),
(45, 245, 6),
(45, 246, 7),
(45, 247, 8),
(45, 248, 9),
(45, 149, 10),
(46, 240, 1),
(46, 241, 2),
(46, 242, 3),
(46, 243, 4),
(46, 244, 5),
(46, 245, 6),
(46, 246, 7),
(46, 247, 8),
(47, 240, 1),
(47, 241, 2),
(47, 242, 3),
(47, 243, 4),
(47, 244, 5),
(47, 245, 6),
(47, 246, 7),
(47, 248, 8),
(48, 240, 1),
(48, 241, 2),
(48, 242, 3),
(48, 243, 4),
(48, 244, 5),
(48, 245, 6),
(48, 246, 7),
(48, 249, 8),
(49, 250, 1),
(49, 251, 2),
(49, 252, 3),
(49, 253, 4),
(49, 254, 5),
(49, 255, 6),
(49, 256, 7),
(50, 257, 1),
(50, 258, 2),
(50, 259, 3),
(50, 260, 4),
(50, 261, 5),
(50, 262, 6),
(50, 263, 7),
(51, 264, 1),
(51, 265, 2),
(51, 266, 3),
(51, 267, 4),
(51, 268, 5),
(51, 269, 6),
(51, 270, 7),
(52, 271, 1),
(52, 272, 2),
(52, 273, 3),
(52, 274, 4),
(52, 275, 5),
(52, 276, 6),
(53, 161, 1),
(53, 159, 2),
(53, 277, 3),
(53, 278, 4),
(54, 136, 1),
(54, 134, 2),
(54, 279, 3),
(54, 280, 4),
(55, 180, 1),
(55, 165, 2),
(55, 281, 3),
(55, 282, 4),
(56, 149, 1),
(56, 216, 2),
(56, 283, 3),
(56, 284, 4),
(57, 135, 1),
(57, 217, 2),
(57, 285, 3),
(57, 286, 4),
(58, 145, 1),
(58, 219, 2),
(58, 287, 3),
(58, 288, 4),
(59, 131, 1),
(59, 171, 2),
(59, 289, 3),
(59, 290, 4),
(60, 156, 1),
(60, 173, 2),
(60, 291, 3),
(60, 292, 4),
(61, 142, 1),
(61, 182, 2),
(61, 293, 3),
(61, 294, 4),
(62, 150, 1),
(62, 137, 2),
(62, 295, 3),
(62, 296, 4);

INSERT INTO members_groupings(member_id, grouping_id)
VALUES
(1, 1),
(2, 1),
(3, 1),
(4, 1),
(5, 1),
(6, 1),
(7, 1),
(8, 1),
(9, 1),
(3, 2),
(4, 2),
(6, 2),
(1, 3),
(5, 4),
(9, 5);